{"cameraMode":{"drawMode":0,"name":"Shaded","section":"Shading Mode"},"sceneLighting":true,"audioPlay":false,"sceneViewState":{"showFog":true,"showMaterialUpdate":true,"showSkybox":true,"showFlares":true,"showImageEffects":true,"showParticleSystems":true},"in2DMode":false,"pivot":{"x":87.46212768554688,"y":-1666.9498291015625,"z":1173.2421875},"rotation":{"x":-0.30022498965263369,"y":0.05204050615429878,"z":-0.016406433656811715,"w":-0.9523068070411682},"size":5337.4501953125,"orthographic":false}