{"cameraMode":{"drawMode":0,"name":"Shaded","section":"Shading Mode"},"sceneLighting":true,"audioPlay":false,"sceneViewState":{"showFog":true,"showMaterialUpdate":true,"showSkybox":true,"showFlares":true,"showImageEffects":true,"showParticleSystems":true},"in2DMode":false,"pivot":{"x":-338.80615234375,"y":-845.931640625,"z":-31.766075134277345},"rotation":{"x":-0.33720484375953677,"y":0.6241298913955689,"z":-0.34128862619400027,"w":-0.6166735291481018},"size":7067.49267578125,"orthographic":false}